{"cameraMode":{"drawMode":0,"name":"Shaded","section":"Shading Mode"},"sceneLighting":true,"audioPlay":false,"sceneViewState":{"showFog":true,"showMaterialUpdate":false,"showSkybox":true,"showFlares":true,"showImageEffects":true,"showParticleSystems":true},"in2DMode":false,"pivot":{"x":0.5052667856216431,"y":1.5307402610778809,"z":-1.305099606513977},"rotation":{"x":0.055339522659778598,"y":-0.06883909553289414,"z":0.0038244989700615408,"w":0.9960843920707703},"size":7.812306880950928,"orthographic":true}